{
  "nombre": "Flameador 2024",
  "precio": 1900,
  "procesador": {
    "marca": "Manker",
    "modelo": "9700X",
    "hz": 5000
  },
  "placaBase": {
    "modelo": "B470",
    "marca": "iAmanoob",
    "slotsRam": 4
  },
  "rams": [
    {
      "id": 1,
      "marca": "Flaming",
      "tipo": "DDR4",
      "capacidad": "8GB",
      "hz": 6000,
      "cl": 30
    },
    {
      "id": 2,
      "marca": "Flaming",
      "tipo": "DDR4",
      "capacidad": "8GB",
      "hz": 6000,
      "cl": 30
    }
  ],
  "discoDuro": {
    "marca": "Manker",
    "tipo": "HDD",
    "capacidad": "2TB"
  },
  "fuenteAlimentacion": {
    "marca": "Manker",
    "modelo": "ATX",
    "potencia": 750
  },
  "tarjetaGrafica": {
    "marca": "iAmanoob",
    "modelo": "4080",
    "cudas": 9830
  },
  "perifericos": [
    {
      "tipo": "Teclado",
      "nombre": "Flaming pro eco 2",
      "marca": "Flamer Gaming SL"
    },
    {
      "tipo": "Ratón",
      "nombre": "Insultating pro 1",
      "marca": "Flamer Gaming SL"
    },
    {
      "tipo": "Monitor",
      "nombre": "4K full de chill",
      "marca": "Munion S.L."
    }
  ]
}
